dataset,records,phase,operation,implementation,repeat,queries,elapsed_ns,checksum
10k,10000,setup,csv_load,repository,0,10000,21603000,10000
10k,10000,setup,index_build,optimized,0,10000,25966900,10000
10k,10000,query,mc1_exact_id,hash_table,1,2000,581700,14156060269343360870
10k,10000,query,mc1_exact_id,linear_scan,1,2000,27698100,14156060269343360870
10k,10000,query,mc2_priority,trie_min_heap,1,20,1409700,16380168554829808610
10k,10000,query,mc2_priority,filter_sort,1,20,6284900,16380168554829808610
10k,10000,query,mc1_exact_id,hash_table,2,2000,482900,14156060269343360870
10k,10000,query,mc1_exact_id,linear_scan,2,2000,28485700,14156060269343360870
10k,10000,query,mc2_priority,trie_min_heap,2,20,1361400,16380168554829808610
10k,10000,query,mc2_priority,filter_sort,2,20,6526200,16380168554829808610
10k,10000,query,mc1_exact_id,hash_table,3,2000,529500,14156060269343360870
10k,10000,query,mc1_exact_id,linear_scan,3,2000,28303100,14156060269343360870
10k,10000,query,mc2_priority,trie_min_heap,3,20,1279300,16380168554829808610
10k,10000,query,mc2_priority,filter_sort,3,20,6273800,16380168554829808610
10k,10000,query,mc1_exact_id,hash_table,4,2000,529900,14156060269343360870
10k,10000,query,mc1_exact_id,linear_scan,4,2000,28852500,14156060269343360870
10k,10000,query,mc2_priority,trie_min_heap,4,20,1546900,16380168554829808610
10k,10000,query,mc2_priority,filter_sort,4,20,6675200,16380168554829808610
10k,10000,query,mc1_exact_id,hash_table,5,2000,587900,14156060269343360870
10k,10000,query,mc1_exact_id,linear_scan,5,2000,28791900,14156060269343360870
10k,10000,query,mc2_priority,trie_min_heap,5,20,1147700,16380168554829808610
10k,10000,query,mc2_priority,filter_sort,5,20,6574900,16380168554829808610
100k,100000,setup,csv_load,repository,0,100000,76818700,100000
100k,100000,setup,index_build,optimized,0,100000,372281100,100000
100k,100000,query,mc1_exact_id,hash_table,1,2000,998800,18137198796561854287
100k,100000,query,mc1_exact_id,linear_scan,1,2000,270825100,18137198796561854287
100k,100000,query,mc2_priority,trie_min_heap,1,20,14904300,3234326274448289194
100k,100000,query,mc2_priority,filter_sort,1,20,75881000,3234326274448289194
100k,100000,query,mc1_exact_id,hash_table,2,2000,953000,18137198796561854287
100k,100000,query,mc1_exact_id,linear_scan,2,2000,269588800,18137198796561854287
100k,100000,query,mc2_priority,trie_min_heap,2,20,14647600,3234326274448289194
100k,100000,query,mc2_priority,filter_sort,2,20,75252400,3234326274448289194
100k,100000,query,mc1_exact_id,hash_table,3,2000,958100,18137198796561854287
100k,100000,query,mc1_exact_id,linear_scan,3,2000,268745400,18137198796561854287
100k,100000,query,mc2_priority,trie_min_heap,3,20,14446800,3234326274448289194
100k,100000,query,mc2_priority,filter_sort,3,20,75286600,3234326274448289194
100k,100000,query,mc1_exact_id,hash_table,4,2000,966200,18137198796561854287
100k,100000,query,mc1_exact_id,linear_scan,4,2000,271782800,18137198796561854287
100k,100000,query,mc2_priority,trie_min_heap,4,20,15142100,3234326274448289194
100k,100000,query,mc2_priority,filter_sort,4,20,78790100,3234326274448289194
100k,100000,query,mc1_exact_id,hash_table,5,2000,973700,18137198796561854287
100k,100000,query,mc1_exact_id,linear_scan,5,2000,270590300,18137198796561854287
100k,100000,query,mc2_priority,trie_min_heap,5,20,14436800,3234326274448289194
100k,100000,query,mc2_priority,filter_sort,5,20,73957600,3234326274448289194
